{"cameraMode":{"drawMode":0,"name":"Shaded","section":"Shading Mode"},"sceneLighting":false,"audioPlay":false,"sceneViewState":{"showFog":true,"showMaterialUpdate":true,"showSkybox":true,"showFlares":true,"showImageEffects":true,"showParticleSystems":true},"in2DMode":false,"pivot":{"x":1.3881971836090088,"y":-2.0089850425720217,"z":2.54412841796875},"rotation":{"x":0.24301260709762574,"y":0.1030752882361412,"z":-0.025979116559028627,"w":0.9641814231872559},"size":8.031831741333008,"orthographic":false}