{"cameraMode":{"drawMode":0,"name":"Shaded","section":"Shading Mode"},"sceneLighting":true,"audioPlay":false,"sceneViewState":{"showFog":true,"showMaterialUpdate":false,"showSkybox":true,"showFlares":true,"showImageEffects":true,"showParticleSystems":true},"in2DMode":false,"pivot":{"x":0.4000000059604645,"y":0.20000000298023225,"z":0.0},"rotation":{"x":-0.29923707246780398,"y":0.1836908757686615,"z":-0.058819908648729327,"w":-0.9344921708106995},"size":0.5715767741203308,"orthographic":false}