{"cameraMode":{"drawMode":0,"name":"Shaded","section":"Shading Mode"},"sceneLighting":false,"audioPlay":false,"sceneViewState":{"showFog":true,"showMaterialUpdate":false,"showSkybox":true,"showFlares":true,"showImageEffects":true,"showParticleSystems":true},"in2DMode":false,"pivot":{"x":0.06481598317623139,"y":-0.2785399556159973,"z":0.6040910482406616},"rotation":{"x":0.17047078907489777,"y":0.005907739978283644,"z":-0.0010213237255811692,"w":0.9853497743606567},"size":1.4334523677825928,"orthographic":false}